City_ID,City,Country,Date,Lat,Lng,Max Temp,Humidity,Cloudiness,Wind Speed
0,Vaini,TO,2021-11-23 03:29:21,-21.2,-175.2,84.36,79,40,5.75
1,Cape Town,ZA,2021-11-23 03:30:03,-33.9258,18.4232,63.1,70,0,19.57
2,New Norfolk,AU,2021-11-23 03:34:14,-42.7826,147.0587,74.91,40,100,1.99
3,Yellowknife,CA,2021-11-23 03:31:18,62.456,-114.3525,-8.59,77,40,3.0
4,Mongo,TD,2021-11-23 03:34:14,12.1844,18.693,74.98,24,100,4.63
5,Samarai,PG,2021-11-23 03:34:15,-10.6167,150.6667,85.95,70,18,15.9
6,Nikolskoye,RU,2021-11-23 03:34:15,59.7035,30.7861,27.81,96,100,5.41
7,Vila Velha,BR,2021-11-23 03:31:48,-20.3297,-40.2925,69.75,88,75,1.01
8,Castro,BR,2021-11-23 03:34:16,-24.7911,-50.0119,61.68,61,52,2.46
9,Albany,US,2021-11-23 03:30:09,42.6001,-73.9662,33.1,73,20,1.99
10,Zyryanka,RU,2021-11-23 03:34:16,65.75,150.85,-24.09,98,98,5.1
11,Saldanha,ZA,2021-11-23 03:34:17,-33.0117,17.9442,57.25,81,2,13.69
12,Thompson,CA,2021-11-23 03:34:17,55.7435,-97.8558,-0.24,71,75,2.3
13,Bethel,US,2021-11-23 03:34:18,41.3712,-73.414,38.05,61,1,1.01
14,Aklavik,CA,2021-11-23 03:34:18,68.2191,-135.0107,-13.97,95,100,7.74
15,Port Elizabeth,ZA,2021-11-23 03:34:18,-33.918,25.5701,62.89,82,90,12.66
16,Ushuaia,AR,2021-11-23 03:30:50,-54.8,-68.3,28.92,94,93,3.15
17,Hobart,AU,2021-11-23 03:29:33,-42.8794,147.3294,75.27,52,75,9.22
18,Araouane,ML,2021-11-23 03:34:19,18.9048,-3.5265,75.56,31,99,7.56
19,Busselton,AU,2021-11-23 03:34:19,-33.65,115.3333,71.15,42,0,10.04
20,Clyde River,CA,2021-11-23 03:34:20,70.4692,-68.5914,16.03,86,100,17.27
21,Grimma,DE,2021-11-23 03:34:20,51.2333,12.7167,32.43,93,7,8.68
22,Lavrentiya,RU,2021-11-23 03:33:10,65.5833,-171.0,-2.47,93,8,10.29
23,Rikitea,PF,2021-11-23 03:34:21,-23.1203,-134.9692,75.9,76,1,11.36
24,Kodiak,US,2021-11-23 03:31:37,57.79,-152.4072,17.11,53,1,6.91
25,Bulgan,MN,2021-11-23 03:34:21,48.8125,103.5347,21.51,47,71,2.42
26,Mayo,US,2021-11-23 03:34:21,38.8876,-76.5119,40.28,54,73,8.01
27,Butaritari,KI,2021-11-23 03:34:22,3.0707,172.7902,82.26,77,20,11.61
28,Kapaa,US,2021-11-23 03:34:22,22.0752,-159.319,80.58,77,90,1.01
29,Sao Filipe,CV,2021-11-23 03:34:23,14.8961,-24.4956,80.1,63,0,7.9
30,Labuhan,ID,2021-11-23 03:34:23,-6.8844,112.2051,87.24,62,89,4.36
31,Kozhevnikovo,RU,2021-11-23 03:34:23,56.2589,83.9714,31.24,96,100,12.01
32,Enshi,CN,2021-11-23 03:34:24,30.3,109.4833,56.32,57,100,0.72
33,Mataura,NZ,2021-11-23 03:34:24,-46.1927,168.8643,61.97,47,83,6.46
34,Husavik,IS,2021-11-23 03:34:24,66.0449,-17.3389,40.91,82,20,7.67
35,Dingle,PH,2021-11-23 03:34:25,10.9995,122.6711,85.82,72,67,13.2
36,Grand Gaube,MU,2021-11-23 03:34:25,-20.0064,57.6608,77.38,62,3,1.99
37,Mount Darwin,ZW,2021-11-23 03:34:26,-16.7725,31.5838,70.05,82,24,1.83
38,Atuona,PF,2021-11-23 03:34:26,-9.8,-139.0333,77.74,75,100,9.1
39,Hilo,US,2021-11-23 03:34:26,19.7297,-155.09,73.13,96,90,4.61
40,Punta Arenas,CL,2021-11-23 03:34:27,-53.15,-70.9167,39.31,65,75,2.3
41,Ostrovnoy,RU,2021-11-23 03:34:27,68.0531,39.5131,20.55,93,46,7.58
42,Palana,RU,2021-11-23 03:34:27,59.1167,159.9667,20.77,70,58,10.09
43,Port Alfred,ZA,2021-11-23 03:34:28,-33.5906,26.891,64.56,83,100,23.22
44,Khatanga,RU,2021-11-23 03:34:28,71.9667,102.5,-2.15,79,99,22.82
45,Tilichiki,RU,2021-11-23 03:34:29,60.4667,166.1,3.0,87,100,9.6
46,Carnarvon,AU,2021-11-23 03:34:29,-24.8667,113.6333,77.07,53,0,19.57
47,Horni Briza,CZ,2021-11-23 03:34:29,49.8401,13.3556,31.91,92,0,1.14
48,Ulladulla,AU,2021-11-23 03:34:30,-35.35,150.4667,72.77,70,100,9.8
49,Lebu,CL,2021-11-23 03:32:58,-37.6167,-73.65,53.83,87,0,19.69
50,Strezhevoy,RU,2021-11-23 03:35:30,60.7333,77.5889,22.98,90,100,13.33
51,Mahebourg,MU,2021-11-23 03:35:31,-20.4081,57.7,77.25,88,40,6.91
52,San Cristobal,VE,2021-11-23 03:35:31,7.7669,-72.225,69.98,98,58,1.43
53,Hay River,CA,2021-11-23 03:31:37,60.8156,-115.7999,13.98,85,90,14.97
54,Lokomotivnyy,RU,2021-11-23 03:35:31,53.0118,60.5684,20.52,84,37,15.48
55,Chigorodo,CO,2021-11-23 03:35:32,7.6664,-76.6811,73.87,99,100,3.0
56,Jamestown,US,2021-11-23 03:35:32,42.097,-79.2353,33.39,67,90,4.0
57,Alta Floresta,BR,2021-11-23 03:35:33,-9.8756,-56.0861,70.57,97,99,2.39
58,Tungor,RU,2021-11-23 03:35:33,53.3808,142.9564,33.82,84,100,31.0
59,Chuy,UY,2021-11-23 03:34:03,-33.6971,-53.4616,63.55,67,8,16.58
60,Gorom-Gorom,BF,2021-11-23 03:35:34,14.4439,-0.2361,75.81,14,1,9.64
61,Vestmannaeyjar,IS,2021-11-23 03:35:34,63.4427,-20.2734,42.42,80,100,13.82
62,Barrow,US,2021-11-23 03:33:31,71.2906,-156.7887,-5.78,77,40,5.75
63,Nanortalik,GL,2021-11-23 03:31:29,60.1432,-45.2371,20.86,74,5,13.98
64,Severnoye,RU,2021-11-23 03:35:35,56.3491,78.3619,28.92,97,100,11.81
65,Tiksi,RU,2021-11-23 03:35:35,71.6872,128.8694,-21.98,97,51,7.7
66,Kloulklubed,PW,2021-11-23 03:35:35,7.0419,134.2556,88.3,77,89,12.88
67,Salalah,OM,2021-11-23 03:35:36,17.0151,54.0924,80.69,18,0,10.36
68,Arman,RU,2021-11-23 03:35:36,59.7,150.1667,9.99,77,8,11.5
69,Hasaki,JP,2021-11-23 03:34:32,35.7333,140.8333,59.4,74,100,15.1
70,Bengkulu,ID,2021-11-23 03:35:37,-3.8004,102.2655,83.35,65,90,4.45
71,Salamiyah,SY,2021-11-23 03:35:37,35.0113,37.0532,52.83,71,0,1.41
72,Morehead,US,2021-11-23 03:35:37,37.2711,-87.1764,27.99,92,1,0.0
73,Rantepao,ID,2021-11-23 03:35:38,-2.9701,119.8978,82.65,65,22,3.29
74,Mineros,BO,2021-11-23 03:35:38,-17.1167,-63.2333,80.19,77,100,2.68
75,Bredasdorp,ZA,2021-11-23 03:35:39,-34.5322,20.0403,51.28,77,22,3.24
76,Garachine,PA,2021-11-23 03:35:39,8.0647,-78.3628,77.43,88,100,4.74
77,Mindyak,RU,2021-11-23 03:35:39,54.0231,58.7891,17.33,85,58,16.96
78,Arraial Do Cabo,BR,2021-11-23 03:31:00,-22.9661,-42.0278,69.39,75,5,14.99
79,Haines Junction,CA,2021-11-23 03:35:40,60.7522,-137.5108,3.15,66,100,6.91
80,Bluff,NZ,2021-11-23 03:35:40,-46.6,168.3333,56.39,70,38,12.53
81,Foumban,CM,2021-11-23 03:35:41,5.7291,10.9001,64.62,80,77,2.59
82,Chokurdakh,RU,2021-11-23 03:35:41,70.6333,147.9167,-12.5,99,100,5.48
83,Faanui,PF,2021-11-23 03:35:42,-16.4833,-151.75,81.34,74,100,8.84
84,Srednekolymsk,RU,2021-11-23 03:35:42,67.45,153.6833,-30.95,99,60,4.97
85,Sitka,US,2021-11-23 03:35:42,57.0531,-135.33,37.29,87,90,4.61
86,Georgetown,MY,2021-11-23 03:31:00,5.4112,100.3354,85.93,84,20,0.0
87,Egvekinot,RU,2021-11-23 03:35:43,66.3167,-179.1667,-5.3,71,21,10.0
88,Tasiilaq,GL,2021-11-23 03:35:43,65.6145,-37.6368,26.76,63,97,7.81
89,Ilulissat,GL,2021-11-23 03:35:44,69.2167,-51.1,17.62,62,87,14.97
90,Airai,TL,2021-11-23 03:34:06,-8.9266,125.4092,77.95,48,86,2.28
91,Bukachacha,RU,2021-11-23 03:35:44,52.9833,116.9167,7.14,55,2,4.81
92,Puerto Ayora,EC,2021-11-23 03:35:45,-0.7393,-90.3518,68.02,75,28,6.6
93,Talladega,US,2021-11-23 03:35:45,33.4359,-86.1058,44.87,50,1,4.61
94,Esperance,AU,2021-11-23 03:36:45,-33.8667,121.9,62.44,67,83,16.91
95,Sainte-Marie,RE,2021-11-23 03:36:46,-20.8968,55.5496,83.05,70,0,11.5
96,San Patricio,US,2021-11-23 03:36:46,28.017,-97.5169,66.83,49,100,6.91
97,East London,ZA,2021-11-23 03:36:47,-33.0153,27.9116,65.52,86,100,18.52
98,Adrar,MR,2021-11-23 03:36:47,20.5022,-10.0711,73.8,45,100,9.19
99,Acobamba,PE,2021-11-23 03:36:47,-11.3525,-75.6594,54.63,79,100,1.12
100,Tuktoyaktuk,CA,2021-11-23 03:36:48,69.4541,-133.0374,-5.8,77,40,10.36
101,Guadalupe Y Calvo,MX,2021-11-23 03:36:48,26.1,-106.9667,48.15,69,95,4.76
102,Panjakent,TJ,2021-11-23 03:36:49,39.4952,67.6093,46.2,33,15,6.29
103,Pontianak,ID,2021-11-23 03:36:49,-0.0333,109.3333,84.18,79,40,5.75
104,Holoby,UA,2021-11-23 03:36:50,51.0865,25.0077,34.05,93,55,6.89
105,Kalevala,RU,2021-11-23 03:36:50,65.2,31.1667,16.43,86,63,6.71
106,Katsuura,JP,2021-11-23 03:36:51,35.1333,140.3,60.84,74,87,4.7
107,Grindavik,IS,2021-11-23 03:36:51,63.8424,-22.4338,39.67,81,75,12.66
108,Longyearbyen,SJ,2021-11-23 03:36:51,78.2186,15.6401,1.24,78,20,10.36
109,Itaguai,BR,2021-11-23 03:36:52,-22.8522,-43.7753,70.59,94,0,3.44
110,Hongjiang,CN,2021-11-23 03:36:52,27.11,109.9956,54.0,49,80,3.47
111,Provideniya,RU,2021-11-23 03:36:53,64.3833,-173.3,8.71,56,0,8.95
112,Cidreira,BR,2021-11-23 03:36:53,-30.1811,-50.2056,68.7,79,9,8.39
113,Campbell River,CA,2021-11-23 03:36:54,50.0163,-125.2446,45.93,100,90,3.44
114,Hermanus,ZA,2021-11-23 03:36:54,-34.4187,19.2345,51.8,80,12,8.19
115,Olafsvik,IS,2021-11-23 03:36:54,64.8945,-23.7142,40.42,61,68,16.69
116,Beira,MZ,2021-11-23 03:36:55,-19.8436,34.8389,77.09,94,75,5.75
117,Dahra,DZ,2021-11-23 03:36:55,36.2546,0.8519,45.79,70,0,6.08
118,Vila Nova De Milfontes,PT,2021-11-23 03:36:56,37.7238,-8.7828,53.26,72,63,6.69
119,Vardo,NO,2021-11-23 03:36:56,70.3705,31.1107,19.6,48,100,17.98
120,Shelburne,CA,2021-11-23 03:36:57,44.0787,-80.2041,26.85,96,45,10.83
121,Sharan,RU,2021-11-23 03:36:57,54.8167,54.0,19.78,92,100,15.19
122,Dabat,ET,2021-11-23 03:36:58,12.9842,37.765,52.83,63,38,5.26
123,Yarmouth,US,2021-11-23 03:34:47,41.7057,-70.2286,45.0,67,90,14.97
124,Ligayan,PH,2021-11-23 03:36:59,4.6533,119.4706,82.92,76,92,5.99
125,Nizhniy Kuranakh,RU,2021-11-23 03:36:59,58.8353,125.4869,-5.15,87,100,5.01
126,San Jose,US,2021-11-23 03:32:24,37.3394,-121.895,61.86,68,1,5.75
127,Kindu,CD,2021-11-23 03:37:00,-2.95,25.95,68.58,99,100,1.05
128,Norsup,VU,2021-11-23 03:37:00,-16.0667,167.3833,84.83,71,96,6.49
129,Goure,NE,2021-11-23 03:37:01,13.9835,10.2704,78.03,21,1,7.96
130,San Carlos Del Zulia,VE,2021-11-23 03:37:04,9.0,-71.9135,73.92,97,77,6.58
131,Huarmey,PE,2021-11-23 03:37:04,-10.0681,-78.1522,65.89,83,97,6.85
132,Dogondoutchi,NE,2021-11-23 03:37:05,13.6393,4.0287,77.34,20,0,8.23
133,Hofn,IS,2021-11-23 03:37:05,64.2539,-15.2082,43.0,68,100,6.24
134,Port Hedland,AU,2021-11-23 03:37:05,-20.3167,118.5667,91.45,46,64,13.8
135,Nizhniy Ingash,RU,2021-11-23 03:38:06,56.2,96.53,31.39,66,76,11.01
136,Imbituba,BR,2021-11-23 03:37:53,-28.24,-48.6703,71.82,88,0,10.51
137,Charyshskoye,RU,2021-11-23 03:38:07,51.3978,83.5598,34.05,77,100,19.86
138,Rabak,SD,2021-11-23 03:38:07,13.1809,32.74,70.77,26,11,9.69
139,Saskylakh,RU,2021-11-23 03:38:07,71.9167,114.0833,-24.77,98,11,8.68
140,Avarua,CK,2021-11-23 03:38:08,-21.2078,-159.775,77.05,78,90,6.91
141,Phalaborwa,ZA,2021-11-23 03:38:08,-23.943,31.1411,69.08,93,95,3.76
142,Ambanja,MG,2021-11-23 03:38:08,-13.6833,48.45,73.33,81,71,2.1
143,Kangaba,ML,2021-11-23 03:38:09,11.9333,-8.4167,70.03,27,65,3.58
144,Pevek,RU,2021-11-23 03:38:09,69.7008,170.3133,-18.42,96,17,1.99
145,Djambala,CG,2021-11-23 03:38:10,-2.5447,14.7533,65.55,97,98,3.06
146,Caravelas,BR,2021-11-23 03:38:10,-17.7125,-39.2481,69.62,87,100,3.85
147,Kenai,US,2021-11-23 03:38:10,60.5544,-151.2583,9.14,81,90,5.75
148,Narsaq,GL,2021-11-23 03:38:11,60.9167,-46.05,23.22,73,2,7.23
149,Vanderhoof,CA,2021-11-23 03:38:11,54.0166,-124.0198,29.98,77,3,5.08
150,Pinawa,CA,2021-11-23 03:38:12,50.1489,-95.8811,12.42,88,75,6.53
151,Richards Bay,ZA,2021-11-23 03:38:12,-28.783,32.0377,69.21,89,100,10.76
152,Ribeira Grande,PT,2021-11-23 03:38:12,38.5167,-28.7,65.91,86,20,18.54
153,Portland,US,2021-11-23 03:37:25,45.5234,-122.6762,46.38,90,90,4.0
154,Coahuayana,MX,2021-11-23 03:38:13,18.7333,-103.6833,80.08,91,80,3.18
155,Lagoa,PT,2021-11-23 03:38:13,39.05,-27.9833,64.83,86,37,18.68
156,Mount Isa,AU,2021-11-23 03:38:14,-20.7333,139.5,92.97,20,40,10.36
157,Te Anau,NZ,2021-11-23 03:38:14,-45.4167,167.7167,63.21,48,11,5.46
158,Constitucion,CL,2021-11-23 03:38:15,-35.3333,-72.4167,60.71,57,0,8.19
159,Fomboni,KM,2021-11-23 03:38:15,-12.28,43.7425,80.8,74,28,16.75
160,Kavieng,PG,2021-11-23 03:38:15,-2.5744,150.7967,83.8,77,58,12.86
161,Baglan,AF,2021-11-23 03:38:16,36.1307,68.7083,57.78,23,55,1.74
162,Mollendo,PE,2021-11-23 03:35:34,-17.0231,-72.0147,65.34,84,96,4.5
163,Baturaja,ID,2021-11-23 03:38:16,-4.1333,104.1667,85.87,65,100,1.14
164,Upernavik,GL,2021-11-23 03:38:17,72.7868,-56.1549,2.28,87,8,6.26
165,Kruisfontein,ZA,2021-11-23 03:34:15,-34.0033,24.7314,58.89,80,100,10.67
166,Kropotkin,RU,2021-11-23 03:38:17,45.4375,40.5756,44.26,86,36,6.67
167,Half Moon Bay,US,2021-11-23 03:38:18,37.4636,-122.4286,61.77,68,1,0.0
168,Tommot,RU,2021-11-23 03:38:18,58.9564,126.2925,-3.66,81,100,6.15
169,Nemuro,JP,2021-11-23 03:38:18,43.3236,145.575,46.83,56,9,20.42
170,Ancud,CL,2021-11-23 03:38:19,-41.8697,-73.8203,49.53,92,34,4.72
171,Leningradskiy,RU,2021-11-23 03:38:19,69.3833,178.4167,-15.54,89,27,4.36
172,Coquimbo,CL,2021-11-23 03:38:19,-29.9533,-71.3436,58.73,82,90,3.44
173,Winton,US,2021-11-23 03:38:20,37.3894,-120.6133,62.51,92,1,0.0
174,Petatlan,MX,2021-11-23 03:38:20,17.5167,-101.2667,84.0,92,2,3.74
175,Puerto Baquerizo Moreno,EC,2021-11-23 03:38:21,-0.9,-89.6,68.52,74,89,8.81
176,Bambous Virieux,MU,2021-11-23 03:38:21,-20.3428,57.7575,77.22,88,40,6.91
177,Grand-Santi,GF,2021-11-23 03:38:21,4.25,-54.3833,71.62,99,64,2.19
178,Krasnoselkup,RU,2021-11-23 03:38:22,65.7,82.4667,20.5,95,98,14.92
179,Biloela,AU,2021-11-23 03:38:22,-24.4167,150.5,80.15,58,66,12.55
180,Ghanzi,BW,2021-11-23 03:39:23,-21.5667,21.7833,66.18,21,84,7.92
181,Muros,ES,2021-11-23 03:39:23,42.7762,-9.0603,55.83,78,60,17.85
182,Bela,IN,2021-11-23 03:39:24,25.9333,81.9833,71.74,24,0,4.88
183,Hithadhoo,MV,2021-11-23 03:39:24,-0.6,73.0833,81.12,79,100,17.96
184,Dikson,RU,2021-11-23 03:39:24,73.5069,80.5464,-10.14,97,100,17.74
185,Sesheke,ZM,2021-11-23 03:39:25,-17.4759,24.2968,69.46,77,100,4.45
186,Tura,IN,2021-11-23 03:39:25,25.5198,90.2201,75.16,48,0,1.88
187,Nouakchott,MR,2021-11-23 03:39:26,18.0858,-15.9785,75.13,50,57,12.97
188,Nishihara,JP,2021-11-23 03:39:26,26.1842,127.7558,67.68,61,90,13.8
189,Riorges,FR,2021-11-23 03:39:26,46.0418,4.0497,42.26,81,100,5.08
190,Camacha,PT,2021-11-23 03:39:27,33.0833,-16.3333,65.62,77,20,9.22
191,Pangkalanbuun,ID,2021-11-23 03:39:27,-2.6833,111.6167,89.4,62,89,2.42
192,Naze,JP,2021-11-23 03:39:28,28.3667,129.4833,61.72,64,90,14.85
193,Inhambane,MZ,2021-11-23 03:39:28,-23.865,35.3833,75.18,94,75,6.91
194,Ketchikan,US,2021-11-23 03:39:28,55.3422,-131.6461,39.18,93,90,3.44
195,Ballina,AU,2021-11-23 03:39:29,-28.8667,153.5667,78.84,76,75,12.66
196,Sidney,AU,2021-11-23 03:36:42,-33.8679,151.2073,72.61,84,75,3.0
197,Amapa,BR,2021-11-23 03:39:29,1.0,-52.0,71.08,99,37,1.77
198,Yagoua,CM,2021-11-23 03:39:30,10.3411,15.2329,72.82,29,35,3.87
199,Mar Del Plata,AR,2021-11-23 03:39:11,-38.0023,-57.5575,57.09,69,0,5.01
200,Paris,FR,2021-11-23 03:34:50,48.8534,2.3488,37.18,84,0,4.0
201,Oistins,BB,2021-11-23 03:36:40,13.0667,-59.5333,78.89,78,40,13.8
202,Weiser,US,2021-11-23 03:39:31,44.251,-116.9693,34.0,87,0,3.65
203,Payo,ID,2021-11-23 03:39:31,-3.7508,103.6372,87.08,61,100,2.39
204,Taoudenni,ML,2021-11-23 03:39:31,22.6783,-3.9836,77.99,39,100,8.12
205,Torbay,CA,2021-11-23 03:39:32,47.6666,-52.7314,38.26,84,40,13.8
206,San Ramon,US,2021-11-23 03:39:32,37.7799,-121.978,59.76,81,1,0.0
207,Bay Roberts,CA,2021-11-23 03:39:32,47.5999,-53.2648,39.02,75,88,12.33
208,Luderitz,NA,2021-11-23 03:39:33,-26.6481,15.1594,59.23,86,29,12.68
209,Fairbanks,US,2021-11-23 03:35:27,64.8378,-147.7164,1.6,63,90,1.01
210,Abnub,EG,2021-11-23 03:39:33,27.2696,31.1511,52.02,66,0,3.78
211,Babeni,RO,2021-11-23 03:39:34,44.9667,24.2333,45.61,70,100,2.04
212,Rosarito,MX,2021-11-23 03:38:59,32.3333,-117.0333,71.4,41,90,1.43
213,Olga,RU,2021-11-23 03:39:34,43.7444,135.2892,25.02,48,53,15.68
214,Necochea,AR,2021-11-23 03:39:35,-38.5473,-58.7368,52.03,65,1,14.29
215,Seymour,US,2021-11-23 03:39:35,38.9592,-85.8903,29.93,76,0,4.9
216,Beloha,MG,2021-11-23 03:39:36,-25.1667,45.05,73.89,74,59,6.02
217,Pisco,PE,2021-11-23 03:34:48,-13.7,-76.2167,65.01,88,90,11.5
218,Lebane,RS,2021-11-23 03:39:36,42.9239,21.7375,49.71,95,100,5.08
219,Mount Gambier,AU,2021-11-23 03:39:36,-37.8333,140.7667,64.31,82,75,17.27
220,Kondratovo,RU,2021-11-23 03:39:37,57.9804,56.1066,25.09,80,75,15.66
221,Bathsheba,BB,2021-11-23 03:39:37,13.2167,-59.5167,79.41,78,40,13.8
222,Maraba,BR,2021-11-23 03:39:38,-5.3686,-49.1178,73.33,92,82,1.16
223,Gornyak,RU,2021-11-23 03:39:38,50.9942,81.4661,32.86,92,100,23.17
224,Hami,CN,2021-11-23 03:40:39,42.8,93.45,30.47,44,62,4.03
225,Male,MV,2021-11-23 03:38:30,4.1748,73.5089,84.15,74,75,12.66
226,Qaanaaq,GL,2021-11-23 03:40:39,77.484,-69.3632,-7.44,87,97,6.42
227,Quatre Cocos,MU,2021-11-23 03:40:40,-20.2078,57.7625,78.1,67,2,8.84
228,Mangai,CD,2021-11-23 03:40:40,-4.05,19.5333,68.5,98,95,1.23
229,Saint-Philippe,RE,2021-11-23 03:37:55,-21.3585,55.7679,82.47,67,28,8.21
230,Aden,YE,2021-11-23 03:40:41,12.7794,45.0367,78.75,69,61,4.65
231,Maceio,BR,2021-11-23 03:40:41,-9.6658,-35.7353,76.44,88,40,3.44
232,Vagur,FO,2021-11-23 03:40:42,61.4732,-6.8119,48.43,80,100,31.18
233,Aswan,EG,2021-11-23 03:40:42,24.0934,32.907,58.3,58,0,8.05
234,Mentor,US,2021-11-23 03:36:47,41.6662,-81.3395,37.0,52,90,3.0
235,Marathon,US,2021-11-23 03:40:42,44.9,-89.7668,25.2,66,20,5.75
236,Sioux Lookout,CA,2021-11-23 03:40:43,50.1001,-91.917,14.07,85,40,3.44
237,Abashiri,JP,2021-11-23 03:40:43,44.0213,144.2697,46.69,34,20,11.5
238,Alofi,NU,2021-11-23 03:40:44,-19.0595,-169.9187,84.09,61,75,9.22
239,Sept-Iles,CA,2021-11-23 03:40:44,50.2001,-66.3821,36.05,77,90,10.0
240,Thunder Bay,CA,2021-11-23 03:40:44,48.4001,-89.3168,18.55,73,1,4.61
241,Miri,MY,2021-11-23 03:40:45,4.4148,114.0089,80.74,94,40,3.44
242,Kontagora,NG,2021-11-23 03:40:45,10.3999,5.4695,74.08,35,43,2.91
243,Changji,CN,2021-11-23 03:40:45,44.0167,87.3167,38.19,44,0,13.42
244,Rawson,AR,2021-11-23 03:38:58,-43.3002,-65.1023,50.81,56,90,12.06
245,Shunyi,CN,2021-11-23 03:40:46,40.125,116.6453,37.35,25,0,2.24
246,Znamenskoye,RU,2021-11-23 03:40:46,57.1281,73.8282,26.28,96,100,8.55
247,Carupano,VE,2021-11-23 03:40:47,10.6678,-63.2585,75.94,91,25,6.02
248,Comodoro Rivadavia,AR,2021-11-23 03:40:47,-45.8667,-67.5,51.66,40,0,9.22
249,Banda Aceh,ID,2021-11-23 03:40:47,5.5577,95.3222,83.46,71,95,7.29
250,Aquiraz,BR,2021-11-23 03:40:48,-3.9014,-38.3911,82.49,80,100,12.86
251,Syasstroy,RU,2021-11-23 03:40:48,60.1367,32.5691,24.91,87,99,6.51
252,Atar,MR,2021-11-23 03:40:49,20.5169,-13.0499,76.24,43,99,8.43
253,Bitkine,TD,2021-11-23 03:40:49,11.9801,18.2138,75.04,24,100,4.88
254,Isangel,VU,2021-11-23 03:37:47,-19.55,169.2667,87.91,74,75,9.22
255,Santana Do Livramento,BR,2021-11-23 03:40:50,-30.8908,-55.5328,71.33,36,0,8.46
256,Khorixas,NA,2021-11-23 03:40:50,-20.3667,14.9667,56.17,44,0,2.33
257,Polunochnoye,RU,2021-11-23 03:40:50,60.8697,60.4153,13.69,84,100,5.97
258,Somanda,TZ,2021-11-23 03:40:51,-3.3667,33.95,72.73,51,93,4.65
259,Phayakkhaphum Phisai,TH,2021-11-23 03:40:51,15.5163,103.1937,75.72,65,100,13.65
260,Faya,SA,2021-11-23 03:38:17,18.3851,42.4509,53.71,64,11,2.04
261,Conakry,GN,2021-11-23 03:40:51,9.538,-13.6773,77.36,79,5,2.84
262,Normandin,CA,2021-11-23 03:40:52,48.8333,-72.5321,22.62,73,53,3.44
263,Karratha,AU,2021-11-23 03:40:52,-20.7377,116.8463,90.59,43,82,10.74
264,Goderich,CA,2021-11-23 03:38:40,43.7501,-81.7165,36.91,55,99,16.11
265,Phan Thiet,VN,2021-11-23 03:40:53,10.9333,108.1,81.45,75,96,8.66
266,Lasa,IT,2021-11-23 03:40:53,46.6166,10.7002,40.08,89,65,2.93
267,Shubarshi,KZ,2021-11-23 03:40:54,48.5872,57.1869,36.79,98,100,7.49
268,Souillac,MU,2021-11-23 03:40:54,-20.5167,57.5167,78.37,88,40,6.91
269,Cayenne,GF,2021-11-23 03:40:55,4.9333,-52.3333,81.09,85,75,1.99
270,Nantucket,US,2021-11-23 03:40:55,41.2835,-70.0995,46.51,68,90,20.71
271,Oksfjord,NO,2021-11-23 03:41:56,70.2396,22.3479,27.52,91,100,8.81
272,Hobyo,SO,2021-11-23 03:41:56,5.3505,48.5268,80.01,69,84,9.04
273,Cherskiy,RU,2021-11-23 03:41:56,68.75,161.3,-32.31,100,40,3.24
274,Parakan,ID,2021-11-23 03:41:57,-6.4191,106.0081,82.44,94,100,4.45
275,Vao,NC,2021-11-23 03:41:57,-22.6667,167.4833,75.22,79,99,10.47
276,Warrington,GB,2021-11-23 03:40:42,53.3925,-2.5802,46.85,93,75,1.01
277,Plettenberg Bay,ZA,2021-11-23 03:41:58,-34.0527,23.3716,60.49,78,99,7.4
278,Byron Bay,AU,2021-11-23 03:41:58,-28.65,153.6167,78.76,73,37,10.22
279,Fallon,US,2021-11-23 03:41:58,39.4735,-118.7774,31.87,69,1,6.91
280,Teguise,ES,2021-11-23 03:41:58,29.0605,-13.564,62.82,88,0,3.44
281,Siilinjarvi,FI,2021-11-23 03:41:59,63.0833,27.6667,26.62,93,90,3.44
282,Sukhobezvodnoye,RU,2021-11-23 03:41:59,57.0491,44.8891,16.84,88,52,10.25
283,Fortuna,US,2021-11-23 03:42:00,40.5982,-124.1573,49.93,94,90,0.0
284,Gulu,UG,2021-11-23 03:42:00,2.7746,32.299,65.53,68,100,1.95
285,Severo-Kurilsk,RU,2021-11-23 03:38:58,50.6789,156.125,38.1,85,96,19.57
286,La Reforma,MX,2021-11-23 03:42:01,25.0833,-108.05,70.25,72,74,5.53
287,Teguldet,RU,2021-11-23 03:42:01,57.3064,88.1667,28.63,84,100,13.22
288,Tuatapere,NZ,2021-11-23 03:42:01,-46.1333,167.6833,58.15,66,48,8.75
289,Santa Ines,BR,2021-11-23 03:42:02,-3.6667,-45.38,75.63,86,99,3.18
290,Napuro,PH,2021-11-23 03:42:02,12.0273,124.7082,89.38,59,29,7.52
291,Wewak,PG,2021-11-23 03:42:02,-3.5534,143.6268,83.62,77,43,6.26
292,Boulder,US,2021-11-23 03:40:39,40.0833,-105.3505,47.52,31,1,8.01
293,Viedma,AR,2021-11-23 03:42:03,-40.8135,-62.9967,49.93,66,8,7.65
294,College,US,2021-11-23 03:42:03,64.8569,-147.8028,1.58,62,90,9.22
295,Moree,AU,2021-11-23 03:42:04,-29.4667,149.85,84.22,42,40,17.27
296,Mogadishu,SO,2021-11-23 03:42:04,2.0371,45.3438,80.22,75,56,8.93
297,Nome,US,2021-11-23 03:42:05,64.5011,-165.4064,5.07,51,1,18.41
298,Plouzane,FR,2021-11-23 03:42:05,48.3833,-4.6167,44.78,76,0,11.5
299,Victoria,HK,2021-11-23 03:41:42,22.2855,114.1577,63.25,74,99,1.01
300,Kilindoni,TZ,2021-11-23 03:42:06,-7.9139,39.6668,80.1,67,67,7.83
301,Liverpool,GB,2021-11-23 03:39:37,53.4106,-2.9779,48.09,90,75,1.99
302,Ust-Maya,RU,2021-11-23 03:42:06,60.4167,134.5333,-13.95,88,100,2.86
303,Dalhousie,IN,2021-11-23 03:42:07,32.5333,75.9833,55.76,16,0,1.45
304,Narasimharajapura,IN,2021-11-23 03:42:07,13.6167,75.5167,76.32,82,27,3.38
305,Adre,TD,2021-11-23 03:42:07,13.4667,22.2,65.86,30,41,15.7
306,Palmer,US,2021-11-23 03:42:08,42.1584,-72.3287,36.21,65,40,1.01
307,Ponta Do Sol,PT,2021-11-23 03:42:08,32.6667,-17.1,67.71,71,93,6.33
308,Nadym,RU,2021-11-23 03:42:08,65.5333,72.5167,14.61,96,100,4.99
309,Berdigestyakh,RU,2021-11-23 03:42:09,62.0989,126.6992,-11.58,89,100,2.24
310,Berlevag,NO,2021-11-23 03:42:09,70.8578,29.0864,25.07,55,100,4.68
311,Hualmay,PE,2021-11-23 03:42:10,-11.0964,-77.6139,65.14,84,100,7.07
312,Metro,ID,2021-11-23 03:42:10,-5.1131,105.3067,87.94,59,100,5.95
313,Suntar,RU,2021-11-23 03:42:10,62.1444,117.6319,-11.16,94,37,2.86
314,Kaitangata,NZ,2021-11-23 03:42:11,-46.2817,169.8464,57.09,60,73,5.61
315,Jumla,NP,2021-11-23 03:39:04,29.2747,82.1838,58.05,15,0,2.86
316,Vryburg,ZA,2021-11-23 03:37:30,-26.9566,24.7284,61.12,50,0,4.27
317,Karak,JO,2021-11-23 03:42:11,31.1667,35.75,43.52,63,0,5.37
318,Kribi,CM,2021-11-23 03:43:12,2.95,9.9167,76.73,90,44,2.75
319,Pangnirtung,CA,2021-11-23 03:43:12,66.1451,-65.7125,22.68,75,100,15.5
320,Jacareacanga,BR,2021-11-23 03:43:13,-6.2222,-57.7528,73.02,97,98,2.3
321,Amahai,ID,2021-11-23 03:43:13,-3.3333,128.9167,86.16,65,29,7.63
322,Yulara,AU,2021-11-23 03:43:14,-25.2406,130.9889,80.44,57,40,8.05
323,Vitim,RU,2021-11-23 03:43:14,59.4511,112.5578,-3.6,78,4,2.17
324,Vila Praia De Ancora,PT,2021-11-23 03:43:14,41.811,-8.8526,51.12,74,62,15.37
325,Novyy Urgal,RU,2021-11-23 03:43:15,51.0736,132.5642,29.39,67,100,20.38
326,Pocatello,US,2021-11-23 03:43:15,42.8713,-112.4455,36.9,72,1,7.0
327,Chapais,CA,2021-11-23 03:43:16,49.7834,-74.8492,13.78,89,100,10.67
328,Bintulu,MY,2021-11-23 03:43:16,3.1667,113.0333,82.81,83,40,1.99
329,Pacific Grove,US,2021-11-23 03:43:16,36.6177,-121.9166,62.31,43,1,1.99
330,Trat,TH,2021-11-23 03:43:17,12.5,102.5,89.91,63,94,11.99
331,Sao Lourenco,BR,2021-11-23 03:43:17,-22.1164,-45.0544,65.37,96,22,1.43
332,Sorland,NO,2021-11-23 03:43:18,67.667,12.6934,40.91,71,100,27.85
333,Pringsewu,ID,2021-11-23 03:43:18,-5.3582,104.9744,84.96,64,100,5.46
334,Sao Jose Da Coroa Grande,BR,2021-11-23 03:43:19,-8.8978,-35.1478,77.68,77,62,6.24
335,Kirakira,SB,2021-11-23 03:43:19,-10.4544,161.9205,83.73,74,86,7.94
336,Olinda,BR,2021-11-23 03:38:39,-8.0089,-34.8553,80.33,78,40,6.91
337,Lazaro Cardenas,MX,2021-11-23 03:43:19,17.9583,-102.2,76.73,85,2,3.62
338,Svetlaya,RU,2021-11-23 03:43:20,46.5389,138.3297,23.97,63,28,15.05
339,Novoagansk,RU,2021-11-23 03:43:20,61.9449,76.6625,20.64,94,100,10.47
340,Bubaque,GW,2021-11-23 03:40:44,11.2833,-15.8333,82.13,77,5,8.21
341,Kulhudhuffushi,MV,2021-11-23 03:43:21,6.6221,73.07,81.39,74,87,11.25
342,Margate,GB,2021-11-23 03:43:21,51.3813,1.3862,45.7,81,76,1.99
343,Clarksburg,US,2021-11-23 03:41:37,39.2807,-80.3445,34.48,62,90,6.91
344,Matagami,CA,2021-11-23 03:40:35,49.7502,-77.6328,15.91,92,90,10.36
345,Soyo,AO,2021-11-23 03:43:21,-6.1349,12.3689,77.18,88,100,2.93
346,Rongcheng,CN,2021-11-23 03:43:22,30.634,117.8517,50.63,31,56,2.53
347,Poum,NC,2021-11-23 03:43:22,-20.2333,164.0167,78.33,74,100,2.91
348,Port Hardy,CA,2021-11-23 03:43:23,50.6996,-127.4199,42.98,100,90,4.61
349,Capim Grosso,BR,2021-11-23 03:43:23,-11.3811,-40.0128,72.34,80,25,6.62
350,Manzil Salim,TN,2021-11-23 03:43:23,35.8567,8.4765,44.6,68,2,4.16
351,Nicoya,CR,2021-11-23 03:42:03,10.1483,-85.452,78.35,88,100,3.2
352,Garowe,SO,2021-11-23 03:43:24,8.4054,48.4845,70.79,65,67,3.8
353,San Bartolome De Tirajana,ES,2021-11-23 03:43:24,27.9248,-15.5733,55.87,77,40,0.0
354,Sakaiminato,JP,2021-11-23 03:43:25,35.55,133.2333,51.78,40,75,24.16
355,Samdrup Jongkhar,BT,2021-11-23 03:43:25,26.9167,91.6167,63.7,62,91,2.82
356,Oloron-Sainte-Marie,FR,2021-11-23 03:43:26,43.1944,-0.6107,35.17,97,64,1.28
357,Malia,GR,2021-11-23 03:43:26,35.2833,25.4667,64.11,82,100,8.52
358,Illapel,CL,2021-11-23 03:43:26,-31.6308,-71.1653,65.77,64,33,1.79
359,Monrovia,LR,2021-11-23 03:40:22,6.3005,-10.7969,76.71,87,11,3.31
360,Nampula,MZ,2021-11-23 03:43:27,-15.1165,39.2666,73.35,78,40,9.22
361,Mandalgovi,MN,2021-11-23 03:43:27,45.7625,106.2708,25.88,26,27,11.48
362,San Ignacio,BZ,2021-11-23 03:43:28,17.1561,-89.0714,71.74,94,40,0.0
363,Presidencia Roque Saenz Pena,AR,2021-11-23 03:43:28,-26.7852,-60.4388,82.53,45,100,4.5
364,Floro,NO,2021-11-23 03:43:28,61.5996,5.0328,42.96,100,75,6.91
365,Komsomolskiy,UZ,2021-11-23 03:44:29,40.4272,71.7189,40.42,56,5,2.3
366,Mangrol,IN,2021-11-23 03:44:29,21.1167,70.1167,82.33,69,60,5.26
367,Lata,PT,2021-11-23 03:44:30,40.1629,-8.3327,45.81,81,1,3.31
368,Saint George,US,2021-11-23 03:44:30,37.1041,-113.5841,57.67,36,1,0.0
369,Cam Ranh,VN,2021-11-23 03:44:31,11.9214,109.1591,75.16,88,75,13.8
370,Kushima,JP,2021-11-23 03:44:31,31.4583,131.2333,59.04,65,42,9.89
371,Ginda,IN,2021-11-23 03:44:31,30.6945,78.4932,62.42,16,0,3.33
372,Tarashcha,UA,2021-11-23 03:44:32,49.5583,30.4926,32.83,91,100,6.22
373,El Centro,US,2021-11-23 03:44:32,32.792,-115.563,70.21,20,1,5.75
374,Zhashkiv,UA,2021-11-23 03:44:33,49.2454,30.1102,35.04,98,100,5.23
375,Turukhansk,RU,2021-11-23 03:44:33,65.8167,87.9833,15.24,90,100,20.58
376,Hamilton,US,2021-11-23 03:44:33,39.1834,-84.5333,30.83,74,1,4.61
377,Dubuque,US,2021-11-23 03:40:10,42.4833,-90.8668,29.32,51,90,3.44
378,Abdulino,RU,2021-11-23 03:44:34,53.7,53.6667,18.55,93,98,13.04
379,Akdepe,TM,2021-11-23 03:44:34,42.0551,59.3788,39.29,58,44,5.55
380,Kandi,BJ,2021-11-23 03:44:35,11.1342,2.9386,74.19,23,7,3.04
381,Guiglo,CI,2021-11-23 03:44:35,6.5456,-7.4966,71.02,97,5,0.49
382,Seydi,TM,2021-11-23 03:44:35,39.4816,62.9137,52.36,29,98,6.35
383,Burns Lake,CA,2021-11-23 03:44:36,54.2331,-125.7533,33.22,91,1,3.44
384,Osorio,BR,2021-11-23 03:40:59,-29.8867,-50.2697,68.67,68,17,3.78
385,Havoysund,NO,2021-11-23 03:44:36,70.9963,24.6622,27.48,70,100,15.17
386,Aksha,RU,2021-11-23 03:44:37,50.2814,113.2867,12.06,63,4,2.46
387,Stromness,GB,2021-11-23 03:44:37,58.965,-3.296,46.87,88,100,13.0
388,Valdivia,CL,2021-11-23 03:44:38,-39.8142,-73.2459,53.69,88,1,3.06
389,Malabugas,PH,2021-11-23 03:44:38,9.3681,122.7678,87.42,65,72,10.33
390,Tiarei,PF,2021-11-23 03:44:38,-17.5333,-149.3333,82.42,78,87,11.43
391,La Ronge,CA,2021-11-23 03:44:39,55.1001,-105.2842,17.85,86,90,13.8
392,Ahipara,NZ,2021-11-23 03:44:39,-35.1667,173.1667,66.25,66,18,11.23
393,Surt,LY,2021-11-23 03:44:39,31.2089,16.5887,68.54,52,100,14.25
394,Auki,SB,2021-11-23 03:44:40,-8.7676,160.7034,82.87,73,100,3.98
395,Abasolo,MX,2021-11-23 03:44:40,20.45,-101.5167,63.34,75,99,6.78
396,Rio Gallegos,AR,2021-11-23 03:40:41,-51.6226,-69.2181,44.65,49,0,5.75
397,Saint-Augustin,CA,2021-11-23 03:44:41,51.226,-58.6502,40.55,82,100,19.89
398,Sumbe,AO,2021-11-23 03:44:41,-11.2061,13.8437,76.51,87,100,3.78
399,Kasangulu,CD,2021-11-23 03:44:41,-4.5911,15.1708,69.35,98,100,2.91
400,Porto Novo,BJ,2021-11-23 03:42:52,6.4965,2.6036,82.22,86,63,2.57
401,Capoeiras,BR,2021-11-23 03:44:42,-8.7347,-36.6267,66.0,87,63,9.01
402,Lugo,ES,2021-11-23 03:44:42,43.0,-7.5,48.76,97,100,4.0
403,Perry,US,2021-11-23 03:44:43,37.2506,-83.1999,33.13,79,1,2.95
404,Gebog,ID,2021-11-23 03:44:43,-6.735,110.8444,84.52,66,99,5.17
405,Guerrero Negro,MX,2021-11-23 03:43:32,27.9769,-114.0611,69.51,54,100,7.92
406,Sinnamary,GF,2021-11-23 03:44:44,5.3833,-52.95,77.54,88,83,6.31
407,Markova,UA,2021-11-23 03:44:44,48.6758,24.4138,35.37,99,100,4.61
408,Mitsamiouli,KM,2021-11-23 03:44:44,-11.3847,43.2844,80.89,61,20,3.44
409,Eufaula,US,2021-11-23 03:44:45,31.8913,-85.1455,52.23,50,1,6.91
410,Lorengau,PG,2021-11-23 03:44:45,-2.0226,147.2712,79.66,85,100,8.97
411,Itarema,BR,2021-11-23 03:45:45,-2.9248,-39.9167,80.08,80,94,13.91
412,General Roca,AR,2021-11-23 03:45:46,-39.0333,-67.5833,64.62,21,1,6.2
413,Piacabucu,BR,2021-11-23 03:45:46,-10.4056,-36.4344,77.0,80,12,8.21
414,Puerto Escondido,MX,2021-11-23 03:45:46,15.85,-97.0667,79.63,73,1,5.75
415,Myaundzha,RU,2021-11-23 03:45:47,63.0494,147.1858,-20.15,100,92,1.59
416,Grahamstown,ZA,2021-11-23 03:45:47,-33.3042,26.5328,56.25,91,100,17.22
417,Were Ilu,ET,2021-11-23 03:45:47,10.6,39.4333,45.09,68,69,5.37
418,Shenzhen,CN,2021-11-23 03:41:42,22.5455,114.0683,63.14,79,96,1.01
419,Minab,IR,2021-11-23 03:45:48,27.1467,57.0801,62.1,34,7,0.54
420,Mahina,PF,2021-11-23 03:45:48,-17.5065,-149.489,82.17,78,75,5.75
421,Carballo,ES,2021-11-23 03:45:49,43.213,-8.691,52.56,86,90,14.32
422,Bonavista,CA,2021-11-23 03:45:49,48.6499,-53.1147,39.11,76,98,19.44
423,Kulob,TJ,2021-11-23 03:45:49,37.9145,69.783,47.16,57,24,4.47
424,Boa Vista,BR,2021-11-23 03:43:03,2.8197,-60.6733,78.78,89,75,3.44
425,Nouadhibou,MR,2021-11-23 03:45:50,20.931,-17.0347,69.76,77,1,13.69
426,Khvoynaya,RU,2021-11-23 03:45:50,58.9,34.5333,16.99,98,78,3.76
427,Marienburg,PL,2021-11-23 03:45:51,54.0359,19.0266,38.12,82,85,15.86
428,Boende,CD,2021-11-23 03:45:51,-0.2167,20.8667,69.64,96,50,0.89
429,Buraydah,SA,2021-11-23 03:45:51,26.326,43.975,57.65,76,3,9.06
430,Aksarayskiy,RU,2021-11-23 03:45:52,46.7924,48.0119,39.15,81,100,8.41
431,Atenco,MX,2021-11-23 03:45:52,19.8858,-97.9258,56.34,99,100,5.97
432,Edendale,ZA,2021-11-23 03:45:53,-29.6528,30.3147,59.63,96,100,0.45
433,Yinchuan,CN,2021-11-23 03:45:53,38.4681,106.2731,37.45,19,0,4.74
434,Yar-Sale,RU,2021-11-23 03:45:53,66.8333,70.8333,14.76,96,100,5.75
435,Zeya,RU,2021-11-23 03:45:54,53.75,127.2667,18.99,62,100,15.64
436,Bereda,ES,2021-11-23 03:45:54,43.2686,-7.5406,49.41,100,94,10.45
437,Arinos,BR,2021-11-23 03:45:55,-15.9169,-46.1056,71.29,95,100,1.48
438,Vostok,RU,2021-11-23 03:45:55,46.4856,135.8833,10.8,90,100,14.23
439,Kudahuvadhoo,MV,2021-11-23 03:45:55,2.6708,72.8944,82.11,75,100,18.86
440,Oromocto,CA,2021-11-23 03:45:56,45.8351,-66.4792,35.94,91,90,8.05
441,Sovetskiy,RU,2021-11-23 03:45:56,61.3614,63.5842,12.96,97,99,4.21
442,Bandarban,BD,2021-11-23 03:45:57,22.1965,92.2262,78.51,36,4,3.4
443,Belem De Sao Francisco,BR,2021-11-23 03:45:57,-8.7539,-38.9658,79.14,63,97,17.85
444,Acapulco,MX,2021-11-23 03:45:57,16.8634,-99.8901,80.42,78,1,5.75
445,Frolovo,RU,2021-11-23 03:45:58,49.7713,43.6622,34.39,74,100,5.17
446,Saint Anthony,US,2021-11-23 03:41:32,45.0205,-93.218,29.35,55,1,1.01
447,Briancon,FR,2021-11-23 03:45:58,44.9,6.65,39.51,95,83,4.76
448,Benguela,AO,2021-11-23 03:45:59,-12.5763,13.4055,76.24,83,93,2.39
449,Trairi,BR,2021-11-23 03:45:23,-3.2778,-39.2689,80.15,80,100,11.86
450,Ushtobe,KZ,2021-11-23 03:45:59,45.2514,77.9838,39.18,71,100,3.98
451,Honningsvag,NO,2021-11-23 03:46:00,70.9821,25.9704,28.27,57,100,17.63
452,Broome,US,2021-11-23 03:46:00,42.2506,-75.833,29.91,70,1,1.01
453,Calabozo,VE,2021-11-23 03:43:34,8.9242,-67.4293,81.23,62,100,3.87
454,Cabo San Lucas,MX,2021-11-23 03:46:01,22.8909,-109.9124,74.52,76,19,10.09
455,Talnakh,RU,2021-11-23 03:45:12,69.4865,88.3972,7.14,89,100,8.12
456,Yangjiang,CN,2021-11-23 03:46:01,21.85,111.9667,66.94,49,97,11.23
457,Bayir,TR,2021-11-23 03:46:02,37.2687,28.2167,45.12,96,100,5.91
458,Norman Wells,CA,2021-11-23 03:47:02,65.282,-126.8329,-18.36,69,75,3.44
459,Yarada,IN,2021-11-23 03:47:02,17.65,83.2667,82.72,78,75,2.3
460,Dakar,SN,2021-11-23 03:47:03,14.6937,-17.4441,77.13,94,0,4.61
461,Roald,NO,2021-11-23 03:47:03,62.5833,6.1333,43.16,93,75,19.57
462,Puri,IN,2021-11-23 03:47:04,19.8,85.85,82.38,65,6,2.68
463,Gizo,SB,2021-11-23 03:47:04,-8.103,156.8419,85.75,68,14,7.29
464,Nabire,ID,2021-11-23 03:47:04,-3.3667,135.4833,88.11,63,62,6.89
465,Kushiro,JP,2021-11-23 03:47:05,42.975,144.3747,47.35,34,20,11.5
466,Villa Rica,US,2021-11-23 03:47:05,33.7321,-84.9191,43.68,65,0,11.3
467,Marsh Harbour,BS,2021-11-23 03:47:06,26.5412,-77.0636,75.99,72,9,13.18
468,Manokwari,ID,2021-11-23 03:47:06,-0.8667,134.0833,83.89,73,66,4.25
469,Miles City,US,2021-11-23 03:47:06,46.4083,-105.8406,46.51,45,1,6.91
470,Codrington,AU,2021-11-23 03:47:07,-38.2667,141.9667,72.23,66,100,18.72
471,Puerto Ayacucho,VE,2021-11-23 03:47:07,5.6639,-67.6236,76.14,88,95,3.31
472,Buarcos,PT,2021-11-23 03:47:08,40.166,-8.8768,47.55,78,0,7.92
473,Henties Bay,NA,2021-11-23 03:47:08,-22.116,14.2845,58.86,94,0,3.36
474,Havre-Saint-Pierre,CA,2021-11-23 03:47:08,50.2334,-63.5986,43.16,93,90,6.91
475,Port Macquarie,AU,2021-11-23 03:42:45,-31.4333,152.9167,75.88,74,63,6.71
476,Aksarka,RU,2021-11-23 03:47:09,66.5606,67.7975,14.22,95,100,11.79
477,Northam,GB,2021-11-23 03:47:09,51.0333,-4.2167,41.31,78,10,5.01
478,Qarqin,AF,2021-11-23 03:47:10,37.4185,66.0436,57.51,26,100,6.08
479,Bonthe,SL,2021-11-23 03:47:10,7.5264,-12.505,78.58,83,22,1.61
480,Kautokeino,NO,2021-11-23 03:47:11,69.0125,23.0412,9.21,92,100,11.88
481,Khandagayty,RU,2021-11-23 03:47:11,50.7333,92.05,10.99,88,75,3.02
482,Kutno,PL,2021-11-23 03:47:11,52.2306,19.3641,35.17,92,26,11.25
483,Mitu,CO,2021-11-23 03:47:12,1.1983,-70.1733,71.62,99,100,0.2
484,Prachuap Khiri Khan,TH,2021-11-23 03:47:12,12.2167,99.75,73.71,86,100,3.02
485,Talcahuano,CL,2021-11-23 03:45:18,-36.7167,-73.1167,58.68,77,0,6.91
486,Flinders,AU,2021-11-23 03:47:13,-34.5833,150.8552,72.37,73,100,7.43
487,Yerbogachen,RU,2021-11-23 03:47:13,61.2767,108.0108,-1.17,80,51,9.37
488,Puerto Carreno,CO,2021-11-23 03:44:12,6.189,-67.4859,78.08,80,97,3.6
489,Fuzhou,CN,2021-11-23 03:44:30,26.0614,119.3061,57.09,84,100,2.15
490,Lethem,GY,2021-11-23 03:47:14,3.3803,-59.7968,75.58,87,80,6.67
491,Mto Wa Mbu,TZ,2021-11-23 03:47:14,-3.35,35.85,70.41,71,51,1.99
492,El Alto,PE,2021-11-23 03:47:14,-4.2714,-81.2147,64.74,77,82,8.99
493,Morant Bay,JM,2021-11-23 03:47:15,17.8815,-76.4093,80.22,82,97,4.27
494,Pochutla,MX,2021-11-23 03:47:15,15.7432,-96.4661,77.85,87,99,4.23
495,Erzin,TR,2021-11-23 03:47:16,36.9559,36.2,48.72,73,5,1.95
496,Umm Lajj,SA,2021-11-23 03:47:16,25.0213,37.2685,70.52,40,2,14.81
497,Kamaishi,JP,2021-11-23 03:47:17,39.2667,141.8833,47.35,78,78,8.75
498,Mago,RU,2021-11-23 03:47:17,53.2514,140.1822,32.95,85,100,24.65
499,Demba,CD,2021-11-23 03:47:17,-5.51,22.2667,66.56,100,100,1.5
500,Worms,DE,2021-11-23 03:47:18,49.6356,8.3597,34.95,90,3,3.0
501,Geraldton,AU,2021-11-23 03:45:25,-28.7667,114.6,76.12,46,0,20.71
502,Port Lincoln,AU,2021-11-23 03:45:12,-34.7333,135.8667,66.9,65,99,15.75
503,Ubinskoye,RU,2021-11-23 03:47:18,55.3068,79.6802,29.1,96,100,16.28
504,Saint-Joseph,RE,2021-11-23 03:44:54,-21.3667,55.6167,77.36,67,17,4.83
505,Sterling,US,2021-11-23 03:48:19,39.0062,-77.4286,38.26,59,20,8.99
506,Bud,US,2021-11-23 03:45:50,39.447,-86.1758,28.58,77,1,5.77
507,Quelimane,MZ,2021-11-23 03:47:26,-17.8786,36.8883,77.94,79,92,3.49
508,Mackay,AU,2021-11-23 03:47:27,-21.15,149.2,83.68,89,90,6.91
509,Twin Falls,US,2021-11-23 03:48:20,42.3505,-114.6445,33.69,86,1,4.61
510,Labrea,BR,2021-11-23 03:48:20,-7.2586,-64.7981,72.73,98,82,1.1
511,Barstow,US,2021-11-23 03:48:20,34.8986,-117.0228,59.99,16,100,3.94
512,Valvedditturai,LK,2021-11-23 03:48:21,9.8167,80.1667,81.72,83,80,10.85
513,Singapore,SG,2021-11-23 03:46:04,1.2897,103.8501,87.94,73,40,6.91
514,Mezen,RU,2021-11-23 03:48:21,65.8522,44.24,18.14,90,100,8.5
515,Zonguldak,TR,2021-11-23 03:48:22,41.25,31.8333,43.79,66,53,5.48
516,Wencheng,CN,2021-11-23 03:48:22,33.0559,113.7978,52.12,27,0,9.28
517,Turkistan,KZ,2021-11-23 03:48:23,43.0,68.0,41.81,60,6,6.06
518,Namatanai,PG,2021-11-23 03:44:59,-3.6667,152.4333,82.27,76,95,8.97
519,Najran,SA,2021-11-23 03:48:23,17.4924,44.1277,56.05,31,20,0.94
520,Cartagena,CO,2021-11-23 03:46:15,10.3997,-75.5144,80.22,89,40,2.3
521,Umm Kaddadah,SD,2021-11-23 03:48:24,13.6017,26.6876,65.44,29,3,15.32
522,Coihaique,CL,2021-11-23 03:48:24,-45.5752,-72.0662,47.41,89,98,6.64
523,Gravdal,NO,2021-11-23 03:46:10,68.1214,13.5031,39.51,80,100,24.74
524,Sierra Vista,US,2021-11-23 03:46:11,31.5545,-110.3037,63.01,38,20,10.36
525,Moctezuma,MX,2021-11-23 03:48:25,29.8,-109.6667,67.32,30,100,5.73
526,Sayyan,YE,2021-11-23 03:48:25,15.1718,44.3244,50.74,34,67,4.63
527,Homer,US,2021-11-23 03:48:26,59.6425,-151.5483,17.47,69,1,3.44
528,Beringovskiy,RU,2021-11-23 03:48:26,63.05,179.3167,-2.51,99,96,13.22
529,Kamina,CD,2021-11-23 03:48:26,-8.7386,24.9906,61.83,97,98,2.73
530,Muyezerskiy,RU,2021-11-23 03:48:27,63.9333,31.65,14.18,88,12,4.9
531,Yatou,CN,2021-11-23 03:48:27,37.15,122.3833,43.63,41,68,19.66
532,Tatawin,TN,2021-11-23 03:48:27,32.9297,10.4518,59.88,57,27,4.21
533,Thio,NC,2021-11-23 03:48:28,-21.6167,166.2167,84.16,72,100,2.82
534,Machico,PT,2021-11-23 03:48:28,32.7,-16.7667,69.08,84,20,3.44
535,Broken Hill,AU,2021-11-23 03:48:29,-31.95,141.4333,76.71,50,75,6.91
536,Sawtell,AU,2021-11-23 03:48:29,-30.3833,153.1,79.12,81,90,6.91
537,Ayan,RU,2021-11-23 03:48:30,56.45,138.1667,25.21,82,100,34.07
538,Awbari,LY,2021-11-23 03:48:24,26.5921,12.7805,62.53,43,87,5.44
539,At-Bashi,KG,2021-11-23 03:48:30,41.1702,75.8106,26.42,47,4,1.48
540,Nago,JP,2021-11-23 03:48:31,26.5881,127.9761,69.96,63,96,16.13
541,Karema,TZ,2021-11-23 03:48:31,-6.8205,30.4389,72.97,79,77,6.26
542,Wundanyi,KE,2021-11-23 03:48:31,-3.4019,38.364,62.13,81,40,1.34
543,Daru,PG,2021-11-23 03:48:32,-9.0763,143.2092,86.05,68,44,9.06
544,Sandwick,GB,2021-11-23 03:48:32,60.0,-1.25,48.02,87,75,20.71
545,Kangasala,FI,2021-11-23 03:48:33,61.4638,24.076,29.32,94,91,4.5
546,Mizdah,LY,2021-11-23 03:48:33,31.4451,12.9801,55.96,70,3,3.85
547,Ekhabi,RU,2021-11-23 03:48:33,53.5102,142.9671,33.78,84,100,31.61
548,Sharkan,RU,2021-11-23 03:48:34,57.2989,53.8712,25.16,88,91,15.82
549,Omboue,GA,2021-11-23 03:48:34,-1.5746,9.2618,76.75,91,100,4.25
550,Baykit,RU,2021-11-23 03:48:35,61.67,96.37,15.87,95,100,3.29
551,Bilibino,RU,2021-11-23 03:48:35,68.0546,166.4372,-21.59,89,4,3.71
552,Le Vauclin,MQ,2021-11-23 03:48:35,14.5452,-60.8388,76.84,88,75,2.3
553,Bontang,ID,2021-11-23 03:45:25,0.1333,117.5,85.33,68,54,6.38
